{
  "associatedLayout": "1",
  "lastChangeTimeStamp": 1383154432,
  "name": "EnemiesManagementAct3",
  "events": [
    {
      "disabled": false,
      "folded": false,
      "type": "BuiltinCommonInstructions::Standard",
      "conditions": [
        {
          "type": {
            "inverted": false,
            "value": "DepartScene"
          },
          "parameters": [
            ""
          ],
          "subInstructions": []
        }
      ],
      "actions": [],
      "events": []
    },
    {
      "disabled": false,
      "folded": false,
      "type": "BuiltinCommonInstructions::Comment",
      "color": {
        "b": 109,
        "g": 230,
        "r": 255,
        "textB": 0,
        "textG": 0,
        "textR": 0
      },
      "comment": "Handling living enemies:",
      "comment2": ""
    },
    {
      "disabled": false,
      "folded": false,
      "type": "BuiltinCommonInstructions::Standard",
      "conditions": [
        {
          "type": {
            "inverted": true,
            "value": "AnimationName"
          },
          "parameters": [
            "Enemy",
            "\"Dead\""
          ],
          "subInstructions": []
        }
      ],
      "actions": [],
      "events": [
        {
          "disabled": false,
          "folded": false,
          "type": "BuiltinCommonInstructions::Comment",
          "color": {
            "b": 109,
            "g": 230,
            "r": 255,
            "textB": 0,
            "textG": 0,
            "textR": 0
          },
          "comment": "Enemies movement. Note that we made a very simple movement here, that could be put in a separate behavior. You may want to explore behaviors available for objects and combine them with events to do more complex logic for the enemies.",
          "comment2": ""
        },
        {
          "disabled": false,
          "folded": false,
          "type": "BuiltinCommonInstructions::Standard",
          "conditions": [
            {
              "type": {
                "inverted": false,
                "value": "CollisionNP"
              },
              "parameters": [
                "GoLeft",
                "Enemy",
                ""
              ],
              "subInstructions": []
            }
          ],
          "actions": [
            {
              "type": {
                "inverted": false,
                "value": "ModVarObjet"
              },
              "parameters": [
                "Enemy",
                "GoingLeft",
                "=",
                "1"
              ],
              "subInstructions": []
            }
          ],
          "events": []
        },
        {
          "disabled": false,
          "folded": false,
          "type": "BuiltinCommonInstructions::Standard",
          "conditions": [
            {
              "type": {
                "inverted": false,
                "value": "CollisionNP"
              },
              "parameters": [
                "GoRight",
                "Enemy",
                ""
              ],
              "subInstructions": []
            }
          ],
          "actions": [
            {
              "type": {
                "inverted": false,
                "value": "ModVarObjet"
              },
              "parameters": [
                "Enemy",
                "GoingLeft",
                "=",
                "0"
              ],
              "subInstructions": []
            }
          ],
          "events": []
        },
        {
          "disabled": false,
          "folded": false,
          "type": "BuiltinCommonInstructions::Standard",
          "conditions": [
            {
              "type": {
                "inverted": false,
                "value": "VarObjet"
              },
              "parameters": [
                "Enemy",
                "GoingLeft",
                "=",
                "1"
              ],
              "subInstructions": []
            }
          ],
          "actions": [
            {
              "type": {
                "inverted": false,
                "value": "PlatformBehavior::SimulateLeftKey"
              },
              "parameters": [
                "Enemy",
                "PlatformerObject"
              ],
              "subInstructions": []
            },
            {
              "type": {
                "inverted": false,
                "value": "FlipX"
              },
              "parameters": [
                "Enemy",
                "no"
              ],
              "subInstructions": []
            }
          ],
          "events": []
        },
        {
          "disabled": false,
          "folded": false,
          "type": "BuiltinCommonInstructions::Standard",
          "conditions": [
            {
              "type": {
                "inverted": false,
                "value": "VarObjet"
              },
              "parameters": [
                "Enemy",
                "GoingLeft",
                "=",
                "0"
              ],
              "subInstructions": []
            }
          ],
          "actions": [
            {
              "type": {
                "inverted": false,
                "value": "PlatformBehavior::SimulateRightKey"
              },
              "parameters": [
                "Enemy",
                "PlatformerObject"
              ],
              "subInstructions": []
            },
            {
              "type": {
                "inverted": false,
                "value": "FlipX"
              },
              "parameters": [
                "Enemy",
                "yes"
              ],
              "subInstructions": []
            }
          ],
          "events": []
        },
        {
          "disabled": false,
          "folded": false,
          "type": "BuiltinCommonInstructions::Comment",
          "color": {
            "b": 109,
            "g": 230,
            "r": 255,
            "textB": 0,
            "textG": 0,
            "textR": 0
          },
          "comment": "Collision with the player:",
          "comment2": "Gestion des collisions avec le joueur:"
        },
        {
          "disabled": false,
          "folded": false,
          "type": "BuiltinCommonInstructions::Standard",
          "conditions": [
            {
              "type": {
                "inverted": false,
                "value": "CollisionNP"
              },
              "parameters": [
                "PlayerHitBox",
                "Enemy",
                ""
              ],
              "subInstructions": []
            }
          ],
          "actions": [],
          "events": [
            {
              "disabled": false,
              "folded": false,
              "type": "BuiltinCommonInstructions::Standard",
              "conditions": [
                {
                  "type": {
                    "inverted": false,
                    "value": "PlatformBehavior::IsFalling"
                  },
                  "parameters": [
                    "PlayerHitBox",
                    "PlatformerObject"
                  ],
                  "subInstructions": []
                }
              ],
              "actions": [
                {
                  "type": {
                    "inverted": false,
                    "value": "ChangeAnimation"
                  },
                  "parameters": [
                    "Enemy",
                    "=",
                    "1"
                  ],
                  "subInstructions": []
                },
                {
                  "type": {
                    "inverted": false,
                    "value": "ActivateBehavior"
                  },
                  "parameters": [
                    "Enemy",
                    "PlatformerObject",
                    "yes"
                  ],
                  "subInstructions": []
                },
                {
                  "type": {
                    "inverted": false,
                    "value": "PlatformBehavior::Gravity"
                  },
                  "parameters": [
                    "Enemy",
                    "PlatformerObject",
                    "=",
                    "1500"
                  ],
                  "subInstructions": []
                },
                {
                  "type": {
                    "inverted": false,
                    "value": "PlatformBehavior::SetCanJump"
                  },
                  "parameters": [
                    "PlayerHitBox",
                    "PlatformerObject"
                  ],
                  "subInstructions": []
                },
                {
                  "type": {
                    "inverted": false,
                    "value": "PlatformBehavior::SimulateJumpKey"
                  },
                  "parameters": [
                    "PlayerHitBox",
                    "PlatformerObject"
                  ],
                  "subInstructions": []
                },
                {
                  "type": {
                    "inverted": false,
                    "value": "PlaySound"
                  },
                  "parameters": [
                    "",
                    "jump.wav",
                    "",
                    "",
                    ""
                  ],
                  "subInstructions": []
                },
                {
                  "type": {
                    "inverted": false,
                    "value": "ModVarScene"
                  },
                  "parameters": [
                    "PlayerJustDead",
                    "=",
                    "1"
                  ],
                  "subInstructions": []
                }
              ],
              "events": [
                {
                  "disabled": false,
                  "folded": false,
                  "type": "BuiltinCommonInstructions::ForEach",
                  "object": "Enemy",
                  "conditions": [],
                  "actions": [
                    {
                      "type": {
                        "inverted": false,
                        "value": "ModVarScene"
                      },
                      "parameters": [
                        "Score",
                        "+",
                        "1"
                      ],
                      "subInstructions": []
                    }
                  ],
                  "events": []
                }
              ]
            },
            {
              "disabled": false,
              "folded": false,
              "type": "BuiltinCommonInstructions::Standard",
              "conditions": [
                {
                  "type": {
                    "inverted": true,
                    "value": "PlatformBehavior::IsFalling"
                  },
                  "parameters": [
                    "PlayerHitBox",
                    "PlatformerObject"
                  ],
                  "subInstructions": []
                }
              ],
              "actions": [
                {
                  "type": {
                    "inverted": false,
                    "value": "ModVarScene"
                  },
                  "parameters": [
                    "PlayerJustDead",
                    "=",
                    "1"
                  ],
                  "subInstructions": []
                }
              ],
              "events": []
            }
          ]
        }
      ]
    },
    {
      "disabled": false,
      "folded": false,
      "type": "BuiltinCommonInstructions::Comment",
      "color": {
        "b": 109,
        "g": 230,
        "r": 255,
        "textB": 0,
        "textG": 0,
        "textR": 0
      },
      "comment": "Dead enemies: make them fade out (and remove them when they have disappeared!)",
      "comment2": "Disparition des ennemis:"
    },
    {
      "disabled": false,
      "folded": false,
      "type": "BuiltinCommonInstructions::Standard",
      "conditions": [
        {
          "type": {
            "inverted": false,
            "value": "AnimationName"
          },
          "parameters": [
            "Enemy",
            "\"Dead\""
          ],
          "subInstructions": []
        },
        {
          "type": {
            "inverted": true,
            "value": "Tween::IsPlaying"
          },
          "parameters": [
            "Enemy",
            "Tween",
            "\"FadeOut\""
          ],
          "subInstructions": []
        }
      ],
      "actions": [
        {
          "type": {
            "inverted": false,
            "value": "Tween::AddObjectOpacityTween"
          },
          "parameters": [
            "Enemy",
            "Tween",
            "\"FadeOut\"",
            "0",
            "\"easeOutQuad\"",
            "1500",
            "yes"
          ],
          "subInstructions": []
        }
      ],
      "events": []
    }
  ]
}