{
  "firstLayout": "",
  "gdVersion": {
    "build": 99,
    "major": 4,
    "minor": 0,
    "revision": 0
  },
  "properties": {
    "adaptGameResolutionAtRuntime": true,
    "folderProject": true,
    "orientation": "landscape",
    "packageName": "com.moosedevs.bignosegiraffe",
    "pixelsRounding": false,
    "projectUuid": "48207c8f-1c82-4136-be42-399fff7625df",
    "scaleMode": "linear",
    "sizeOnStartupMode": "adaptWidth",
    "useExternalSourceFiles": false,
    "version": "4.0.0",
    "name": "Giraffe the Big Nosed Giraffe: Version 4",
    "author": "MooseGiraffeDevs",
    "windowWidth": 800,
    "windowHeight": 600,
    "latestCompilationDirectory": "C:\\Users\\louise\\Documents\\Projects\\Giraffe The Big Nosed Giraffe Versions\\Version 3 Mobile Patch",
    "maxFPS": 60,
    "minFPS": 20,
    "verticalSync": false,
    "platformSpecificAssets": {
      "android-icon-144": "android-icon-144.png",
      "android-icon-192": "android-icon-192.png",
      "android-icon-36": "android-icon-36.png",
      "android-icon-48": "android-icon-48.png",
      "android-icon-72": "android-icon-72.png",
      "android-icon-96": "android-icon-96.png",
      "desktop-icon-512": "desktop-icon-512.png",
      "ios-icon-100": "ios-icon-100.png",
      "ios-icon-1024": "ios-icon-1024.png",
      "ios-icon-114": "ios-icon-114.png",
      "ios-icon-120": "ios-icon-120.png",
      "ios-icon-144": "ios-icon-144.png",
      "ios-icon-152": "ios-icon-152.png",
      "ios-icon-167": "ios-icon-167.png",
      "ios-icon-180": "ios-icon-180.png",
      "ios-icon-20": "ios-icon-20.png",
      "ios-icon-29": "ios-icon-29.png",
      "ios-icon-40": "ios-icon-40.png",
      "ios-icon-50": "ios-icon-50.png",
      "ios-icon-57": "ios-icon-57.png",
      "ios-icon-58": "ios-icon-58.png",
      "ios-icon-60": "ios-icon-60.png",
      "ios-icon-72": "ios-icon-72.png",
      "ios-icon-76": "ios-icon-76.png",
      "ios-icon-80": "ios-icon-80.png",
      "ios-icon-87": "ios-icon-87.png"
    },
    "loadingScreen": {
      "backgroundColor": 0,
      "backgroundFadeInDuration": 0.2,
      "backgroundImageResourceName": "",
      "gdevelopLogoStyle": "light",
      "logoAndProgressFadeInDuration": 0.2,
      "logoAndProgressLogoFadeInDelay": 0.2,
      "minDuration": 1.5,
      "progressBarColor": 16777215,
      "progressBarHeight": 20,
      "progressBarMaxWidth": 200,
      "progressBarMinWidth": 40,
      "progressBarWidthPercent": 30,
      "showGDevelopSplash": true,
      "showProgressBar": true
    },
    "authorIds": [],
    "extensionProperties": [
      {
        "extension": "AdMob",
        "property": "AdMobAppIdAndroid",
        "value": ""
      }
    ],
    "platforms": [
      {
        "name": "GDevelop JS platform"
      }
    ],
    "currentPlatform": "GDevelop JS platform"
  },
  "resources": {
    "resources": [
      {
        "alwaysLoaded": false,
        "file": "p1_stand.png",
        "kind": "image",
        "metadata": "",
        "name": "p1_stand.png",
        "smoothed": true,
        "userAdded": false
      },
      {
        "alwaysLoaded": false,
        "file": "p1_jump.png",
        "kind": "image",
        "metadata": "",
        "name": "p1_jump.png",
        "smoothed": true,
        "userAdded": false
      },
      {
        "alwaysLoaded": false,
        "file": "p1_walk01.png",
        "kind": "image",
        "metadata": "",
        "name": "p1_walk01.png",
        "smoothed": true,
        "userAdded": false
      },
      {
        "alwaysLoaded": false,
        "file": "p1_walk02.png",
        "kind": "image",
        "metadata": "",
        "name": "p1_walk02.png",
        "smoothed": true,
        "userAdded": false
      },
      {
        "alwaysLoaded": false,
        "file": "p1_walk03.png",
        "kind": "image",
        "metadata": "",
        "name": "p1_walk03.png",
        "smoothed": true,
        "userAdded": false
      },
      {
        "alwaysLoaded": false,
        "file": "p1_walk04.png",
        "kind": "image",
        "metadata": "",
        "name": "p1_walk04.png",
        "smoothed": true,
        "userAdded": false
      },
      {
        "alwaysLoaded": false,
        "file": "p1_walk05.png",
        "kind": "image",
        "metadata": "",
        "name": "p1_walk05.png",
        "smoothed": true,
        "userAdded": false
      },
      {
        "alwaysLoaded": false,
        "file": "p1_walk06.png",
        "kind": "image",
        "metadata": "",
        "name": "p1_walk06.png",
        "smoothed": true,
        "userAdded": false
      },
      {
        "alwaysLoaded": false,
        "file": "p1_walk07.png",
        "kind": "image",
        "metadata": "",
        "name": "p1_walk07.png",
        "smoothed": true,
        "userAdded": false
      },
      {
        "alwaysLoaded": false,
        "file": "p1_walk08.png",
        "kind": "image",
        "metadata": "",
        "name": "p1_walk08.png",
        "smoothed": true,
        "userAdded": false
      },
      {
        "alwaysLoaded": false,
        "file": "brickWall.png",
        "kind": "image",
        "metadata": "",
        "name": "brickWall.png",
        "smoothed": true,
        "userAdded": false
      },
      {
        "alwaysLoaded": false,
        "file": "bridge.png",
        "kind": "image",
        "metadata": "",
        "name": "bridge.png",
        "smoothed": true,
        "userAdded": false
      },
      {
        "alwaysLoaded": false,
        "file": "grassHalfMid.png",
        "kind": "image",
        "metadata": "",
        "name": "grassHalfMid.png",
        "smoothed": true,
        "userAdded": true
      },
      {
        "alwaysLoaded": false,
        "file": "castleCenter.png",
        "kind": "image",
        "metadata": "",
        "name": "castleCenter.png",
        "smoothed": true,
        "userAdded": true
      },
      {
        "alwaysLoaded": false,
        "file": "bridgeLogs.png",
        "kind": "image",
        "metadata": "",
        "name": "bridgeLogs.png",
        "smoothed": true,
        "userAdded": true
      },
      {
        "alwaysLoaded": false,
        "file": "Left.png",
        "kind": "image",
        "metadata": "",
        "name": "Left.png",
        "smoothed": true,
        "userAdded": false
      },
      {
        "alwaysLoaded": false,
        "file": "Right.png",
        "kind": "image",
        "metadata": "",
        "name": "Right.png",
        "smoothed": true,
        "userAdded": false
      },
      {
        "alwaysLoaded": false,
        "file": "ladder_mid.png",
        "kind": "image",
        "metadata": "",
        "name": "ladder_mid.png",
        "smoothed": true,
        "userAdded": true
      },
      {
        "alwaysLoaded": false,
        "file": "Grass.png",
        "kind": "image",
        "metadata": "",
        "name": "grass.png",
        "smoothed": true,
        "userAdded": true
      },
      {
        "alwaysLoaded": false,
        "file": "PlayerArea.png",
        "kind": "image",
        "metadata": "",
        "name": "PlayerArea.png",
        "smoothed": true,
        "userAdded": false
      },
      {
        "alwaysLoaded": false,
        "file": "slimeWalk1.png",
        "kind": "image",
        "metadata": "",
        "name": "slimeWalk1.png",
        "smoothed": true,
        "userAdded": false
      },
      {
        "alwaysLoaded": false,
        "file": "slimeWalk2.png",
        "kind": "image",
        "metadata": "",
        "name": "slimeWalk2.png",
        "smoothed": true,
        "userAdded": false
      },
      {
        "alwaysLoaded": false,
        "file": "slimeDead.png",
        "kind": "image",
        "metadata": "",
        "name": "slimeDead.png",
        "smoothed": true,
        "userAdded": false
      },
      {
        "alwaysLoaded": false,
        "file": "flyDead.png",
        "kind": "image",
        "metadata": "",
        "name": "flyDead.png",
        "smoothed": true,
        "userAdded": false
      },
      {
        "alwaysLoaded": false,
        "file": "cloud1.png",
        "kind": "image",
        "metadata": "",
        "name": "cloud1.png",
        "smoothed": false,
        "userAdded": false
      },
      {
        "alwaysLoaded": false,
        "file": "cloud2.png",
        "kind": "image",
        "metadata": "",
        "name": "cloud2.png",
        "smoothed": false,
        "userAdded": false
      },
      {
        "alwaysLoaded": false,
        "file": "cloud3.png",
        "kind": "image",
        "metadata": "",
        "name": "cloud3.png",
        "smoothed": false,
        "userAdded": false
      },
      {
        "alwaysLoaded": false,
        "file": "bush.png",
        "kind": "image",
        "metadata": "",
        "name": "bush.png",
        "smoothed": true,
        "userAdded": false
      },
      {
        "alwaysLoaded": false,
        "file": "cactus.png",
        "kind": "image",
        "metadata": "",
        "name": "cactus.png",
        "smoothed": true,
        "userAdded": false
      },
      {
        "alwaysLoaded": false,
        "file": "plant.png",
        "kind": "image",
        "metadata": "",
        "name": "plant.png",
        "smoothed": true,
        "userAdded": false
      },
      {
        "alwaysLoaded": false,
        "file": "shadedDark06.png",
        "kind": "image",
        "metadata": "",
        "name": "shadedDark06.png",
        "smoothed": true,
        "userAdded": false
      },
      {
        "alwaysLoaded": false,
        "file": "shadedDark05.png",
        "kind": "image",
        "metadata": "",
        "name": "shadedDark05.png",
        "smoothed": true,
        "userAdded": false
      },
      {
        "alwaysLoaded": false,
        "file": "shadedDark45.png",
        "kind": "image",
        "metadata": "",
        "name": "shadedDark45.png",
        "smoothed": true,
        "userAdded": false
      },
      {
        "alwaysLoaded": false,
        "file": "shadedDark09.png",
        "kind": "image",
        "metadata": "",
        "name": "shadedDark09.png",
        "smoothed": true,
        "userAdded": false
      },
      {
        "alwaysLoaded": false,
        "file": "tiled_Forest Background.png",
        "kind": "image",
        "metadata": "",
        "name": "tiled_Forest Background.png",
        "smoothed": true,
        "userAdded": true
      },
      {
        "alwaysLoaded": false,
        "file": "D-pad top.png",
        "kind": "image",
        "metadata": "",
        "name": "D-pad top.png",
        "smoothed": true,
        "userAdded": true
      },
      {
        "alwaysLoaded": false,
        "file": "D-pad bottom.png",
        "kind": "image",
        "metadata": "",
        "name": "D-pad bottom.png",
        "smoothed": true,
        "userAdded": true
      },
      {
        "file": "life lost sound.wav",
        "kind": "audio",
        "metadata": "",
        "name": "life lost sound.wav",
        "preloadAsMusic": false,
        "preloadAsSound": false,
        "userAdded": true
      },
      {
        "alwaysLoaded": false,
        "file": "NewFile-1.png",
        "kind": "image",
        "metadata": "",
        "name": "NewFile-1.png",
        "smoothed": true,
        "userAdded": true
      },
      {
        "alwaysLoaded": false,
        "file": "mooamysplayer.jpg",
        "kind": "image",
        "metadata": "",
        "name": "mooamysplayer.jpg",
        "smoothed": true,
        "userAdded": true
      },
      {
        "alwaysLoaded": false,
        "file": "gbetterqualityreal.jpg",
        "kind": "image",
        "metadata": "",
        "name": "gbetterqualityreal.jpg",
        "smoothed": true,
        "userAdded": false
      },
      {
        "alwaysLoaded": false,
        "file": "gsit.jpg",
        "kind": "image",
        "metadata": "",
        "name": "gsit.jpg",
        "smoothed": true,
        "userAdded": false
      },
      {
        "alwaysLoaded": false,
        "file": "mooamysplayer2.jpg",
        "kind": "image",
        "metadata": "",
        "name": "mooamysplayer2.jpg",
        "smoothed": true,
        "userAdded": true
      },
      {
        "alwaysLoaded": false,
        "file": "giraffetext.png",
        "kind": "image",
        "metadata": "",
        "name": "giraffetext.png",
        "smoothed": true,
        "userAdded": false
      },
      {
        "alwaysLoaded": false,
        "file": "giraffetext2.png",
        "kind": "image",
        "metadata": "",
        "name": "giraffetext2.png",
        "smoothed": true,
        "userAdded": false
      },
      {
        "alwaysLoaded": false,
        "file": "play.png",
        "kind": "image",
        "metadata": "",
        "name": "play.png",
        "smoothed": true,
        "userAdded": false
      },
      {
        "file": "zoonitesong.mp3",
        "kind": "audio",
        "metadata": "",
        "name": "zoonitesong.mp3",
        "preloadAsMusic": false,
        "preloadAsSound": false,
        "userAdded": false
      },
      {
        "alwaysLoaded": false,
        "file": "grapes.png",
        "kind": "image",
        "metadata": "",
        "name": "grapes.png",
        "smoothed": true,
        "userAdded": false
      },
      {
        "alwaysLoaded": false,
        "file": "desktop-icon-512.png",
        "kind": "image",
        "metadata": "",
        "name": "desktop-icon-512.png",
        "smoothed": true,
        "userAdded": true
      },
      {
        "alwaysLoaded": false,
        "file": "android-icon-192.png",
        "kind": "image",
        "metadata": "",
        "name": "android-icon-192.png",
        "smoothed": true,
        "userAdded": true
      },
      {
        "alwaysLoaded": false,
        "file": "android-icon-144.png",
        "kind": "image",
        "metadata": "",
        "name": "android-icon-144.png",
        "smoothed": true,
        "userAdded": true
      },
      {
        "alwaysLoaded": false,
        "file": "android-icon-96.png",
        "kind": "image",
        "metadata": "",
        "name": "android-icon-96.png",
        "smoothed": true,
        "userAdded": true
      },
      {
        "alwaysLoaded": false,
        "file": "android-icon-72.png",
        "kind": "image",
        "metadata": "",
        "name": "android-icon-72.png",
        "smoothed": true,
        "userAdded": true
      },
      {
        "alwaysLoaded": false,
        "file": "android-icon-48.png",
        "kind": "image",
        "metadata": "",
        "name": "android-icon-48.png",
        "smoothed": true,
        "userAdded": true
      },
      {
        "alwaysLoaded": false,
        "file": "android-icon-36.png",
        "kind": "image",
        "metadata": "",
        "name": "android-icon-36.png",
        "smoothed": true,
        "userAdded": true
      },
      {
        "alwaysLoaded": false,
        "file": "ios-icon-1024.png",
        "kind": "image",
        "metadata": "",
        "name": "ios-icon-1024.png",
        "smoothed": true,
        "userAdded": true
      },
      {
        "alwaysLoaded": false,
        "file": "ios-icon-180.png",
        "kind": "image",
        "metadata": "",
        "name": "ios-icon-180.png",
        "smoothed": true,
        "userAdded": true
      },
      {
        "alwaysLoaded": false,
        "file": "ios-icon-167.png",
        "kind": "image",
        "metadata": "",
        "name": "ios-icon-167.png",
        "smoothed": true,
        "userAdded": true
      },
      {
        "alwaysLoaded": false,
        "file": "ios-icon-152.png",
        "kind": "image",
        "metadata": "",
        "name": "ios-icon-152.png",
        "smoothed": true,
        "userAdded": true
      },
      {
        "alwaysLoaded": false,
        "file": "ios-icon-144.png",
        "kind": "image",
        "metadata": "",
        "name": "ios-icon-144.png",
        "smoothed": true,
        "userAdded": true
      },
      {
        "alwaysLoaded": false,
        "file": "ios-icon-120.png",
        "kind": "image",
        "metadata": "",
        "name": "ios-icon-120.png",
        "smoothed": true,
        "userAdded": true
      },
      {
        "alwaysLoaded": false,
        "file": "ios-icon-114.png",
        "kind": "image",
        "metadata": "",
        "name": "ios-icon-114.png",
        "smoothed": true,
        "userAdded": true
      },
      {
        "alwaysLoaded": false,
        "file": "ios-icon-100.png",
        "kind": "image",
        "metadata": "",
        "name": "ios-icon-100.png",
        "smoothed": true,
        "userAdded": true
      },
      {
        "alwaysLoaded": false,
        "file": "ios-icon-87.png",
        "kind": "image",
        "metadata": "",
        "name": "ios-icon-87.png",
        "smoothed": true,
        "userAdded": true
      },
      {
        "alwaysLoaded": false,
        "file": "ios-icon-80.png",
        "kind": "image",
        "metadata": "",
        "name": "ios-icon-80.png",
        "smoothed": true,
        "userAdded": true
      },
      {
        "alwaysLoaded": false,
        "file": "ios-icon-76.png",
        "kind": "image",
        "metadata": "",
        "name": "ios-icon-76.png",
        "smoothed": true,
        "userAdded": true
      },
      {
        "alwaysLoaded": false,
        "file": "ios-icon-72.png",
        "kind": "image",
        "metadata": "",
        "name": "ios-icon-72.png",
        "smoothed": true,
        "userAdded": true
      },
      {
        "alwaysLoaded": false,
        "file": "ios-icon-60.png",
        "kind": "image",
        "metadata": "",
        "name": "ios-icon-60.png",
        "smoothed": true,
        "userAdded": true
      },
      {
        "alwaysLoaded": false,
        "file": "ios-icon-58.png",
        "kind": "image",
        "metadata": "",
        "name": "ios-icon-58.png",
        "smoothed": true,
        "userAdded": true
      },
      {
        "alwaysLoaded": false,
        "file": "ios-icon-57.png",
        "kind": "image",
        "metadata": "",
        "name": "ios-icon-57.png",
        "smoothed": true,
        "userAdded": true
      },
      {
        "alwaysLoaded": false,
        "file": "ios-icon-50.png",
        "kind": "image",
        "metadata": "",
        "name": "ios-icon-50.png",
        "smoothed": true,
        "userAdded": true
      },
      {
        "alwaysLoaded": false,
        "file": "ios-icon-40.png",
        "kind": "image",
        "metadata": "",
        "name": "ios-icon-40.png",
        "smoothed": true,
        "userAdded": true
      },
      {
        "alwaysLoaded": false,
        "file": "ios-icon-29.png",
        "kind": "image",
        "metadata": "",
        "name": "ios-icon-29.png",
        "smoothed": true,
        "userAdded": true
      },
      {
        "alwaysLoaded": false,
        "file": "ios-icon-20.png",
        "kind": "image",
        "metadata": "",
        "name": "ios-icon-20.png",
        "smoothed": true,
        "userAdded": true
      },
      {
        "alwaysLoaded": false,
        "file": "NewObject-1.png",
        "kind": "image",
        "metadata": "",
        "name": "NewObject-1.png",
        "smoothed": true,
        "userAdded": true
      },
      {
        "alwaysLoaded": false,
        "file": "coinGold.png",
        "kind": "image",
        "metadata": "",
        "name": "coinGold.png",
        "smoothed": true,
        "userAdded": true
      },
      {
        "alwaysLoaded": false,
        "file": "NewObject2-1.png",
        "kind": "image",
        "metadata": "",
        "name": "NewObject2-1.png",
        "smoothed": true,
        "userAdded": true
      },
      {
        "alwaysLoaded": false,
        "file": "npc_mooamys2.png",
        "kind": "image",
        "metadata": "",
        "name": "npc_mooamys2.png",
        "smoothed": true,
        "userAdded": false
      },
      {
        "alwaysLoaded": false,
        "file": "../../../Downloads/gsit-removebg-preview.png",
        "kind": "image",
        "metadata": "",
        "name": "..\\..\\..\\Downloads\\gsit-removebg-preview.png",
        "smoothed": true,
        "userAdded": false
      },
      {
        "alwaysLoaded": false,
        "file": "gsit-removebg-preview (2).png",
        "kind": "image",
        "metadata": "",
        "name": "gsit-removebg-preview (2).png",
        "smoothed": true,
        "userAdded": false
      },
      {
        "alwaysLoaded": false,
        "file": "coin.png",
        "kind": "image",
        "metadata": "",
        "name": "coin.png",
        "smoothed": true,
        "userAdded": true
      },
      {
        "alwaysLoaded": false,
        "file": "coin2.png",
        "kind": "image",
        "metadata": "",
        "name": "coin2.png",
        "smoothed": true,
        "userAdded": true
      },
      {
        "alwaysLoaded": false,
        "file": "install.png",
        "kind": "image",
        "metadata": "",
        "name": "install.png",
        "smoothed": true,
        "userAdded": true
      },
      {
        "alwaysLoaded": false,
        "file": "boyfriend-removebg-preview.png",
        "kind": "image",
        "metadata": "",
        "name": "boyfriend-removebg-preview.png",
        "smoothed": true,
        "userAdded": true
      },
      {
        "alwaysLoaded": false,
        "file": "boyfriend-removebg-preview2.png",
        "kind": "image",
        "metadata": "",
        "name": "boyfriend-removebg-preview2.png",
        "smoothed": true,
        "userAdded": false
      },
      {
        "alwaysLoaded": false,
        "file": "boyfriend-removebg-preview3.png",
        "kind": "image",
        "metadata": "",
        "name": "boyfriend-removebg-preview3.png",
        "smoothed": true,
        "userAdded": false
      },
      {
        "alwaysLoaded": false,
        "file": "boyfriend-removebg-preview4.png",
        "kind": "image",
        "metadata": "",
        "name": "boyfriend-removebg-preview4.png",
        "smoothed": true,
        "userAdded": false
      },
      {
        "alwaysLoaded": false,
        "file": "NewObject-1-1.png",
        "kind": "image",
        "metadata": "",
        "name": "NewObject-1-1.png",
        "smoothed": true,
        "userAdded": false
      },
      {
        "alwaysLoaded": false,
        "file": "flyFly1.png",
        "kind": "image",
        "metadata": "",
        "name": "flyFly1.png",
        "smoothed": true,
        "userAdded": false
      },
      {
        "alwaysLoaded": false,
        "file": "flyFly2.png",
        "kind": "image",
        "metadata": "",
        "name": "flyFly2.png",
        "smoothed": true,
        "userAdded": true
      },
      {
        "file": "gameOver.ogg",
        "kind": "audio",
        "metadata": "",
        "name": "gameOver.ogg",
        "preloadAsMusic": false,
        "preloadAsSound": false,
        "userAdded": true
      },
      {
        "file": "gameOverEnd.ogg",
        "kind": "audio",
        "metadata": "",
        "name": "gameOverEnd.ogg",
        "preloadAsMusic": false,
        "preloadAsSound": false,
        "userAdded": true
      },
      {
        "file": "Inst.ogg",
        "kind": "audio",
        "metadata": "",
        "name": "Inst.ogg",
        "preloadAsMusic": false,
        "preloadAsSound": false,
        "userAdded": true
      },
      {
        "file": "26 - Robotnik.mp3",
        "kind": "audio",
        "metadata": "",
        "name": "26 - Robotnik.mp3",
        "preloadAsMusic": false,
        "preloadAsSound": false,
        "userAdded": true
      },
      {
        "alwaysLoaded": false,
        "file": "evilmrg.png",
        "kind": "image",
        "metadata": "",
        "name": "evilmrg.png",
        "smoothed": true,
        "userAdded": false
      },
      {
        "alwaysLoaded": false,
        "file": "NewObject2-1-0.png",
        "kind": "image",
        "metadata": "",
        "name": "NewObject2-1-0.png",
        "smoothed": true,
        "userAdded": true
      },
      {
        "alwaysLoaded": false,
        "file": "Russ-Berrie-Standard-Giraffe-removebg-preview.png",
        "kind": "image",
        "metadata": "",
        "name": "Russ-Berrie-Standard-Giraffe-removebg-preview.png",
        "smoothed": true,
        "userAdded": false
      },
      {
        "alwaysLoaded": false,
        "file": "NewObject-1-0.png",
        "kind": "image",
        "metadata": "",
        "name": "NewObject-1-0.png",
        "smoothed": true,
        "userAdded": false
      },
      {
        "alwaysLoaded": false,
        "file": "mooamysplayer-removebg-preview.png",
        "kind": "image",
        "metadata": "",
        "name": "mooamysplayer-removebg-preview.png",
        "smoothed": true,
        "userAdded": true
      },
      {
        "alwaysLoaded": false,
        "file": "mooamysplayer-removebg-preview2.png",
        "kind": "image",
        "metadata": "",
        "name": "mooamysplayer-removebg-preview2.png",
        "smoothed": true,
        "userAdded": true
      },
      {
        "alwaysLoaded": false,
        "file": "tryofgiraffe-removebg-preview.png",
        "kind": "image",
        "metadata": "",
        "name": "tryofgiraffe-removebg-preview.png",
        "smoothed": true,
        "userAdded": true
      },
      {
        "alwaysLoaded": false,
        "file": "tryofgiraffe-removebg-preview (2).png",
        "kind": "image",
        "metadata": "",
        "name": "tryofgiraffe-removebg-preview (2).png",
        "smoothed": true,
        "userAdded": true
      },
      {
        "alwaysLoaded": false,
        "file": "tryofgiraffe-removebg-preview (2)2.png",
        "kind": "image",
        "metadata": "",
        "name": "tryofgiraffe-removebg-preview (2)2.png",
        "smoothed": true,
        "userAdded": true
      },
      {
        "alwaysLoaded": false,
        "file": "tryofgiraffe-removebg-preview (2)3.png",
        "kind": "image",
        "metadata": "",
        "name": "tryofgiraffe-removebg-preview (2)3.png",
        "smoothed": true,
        "userAdded": true
      },
      {
        "alwaysLoaded": false,
        "file": "tryofgiraffe-removebg-preview (2)4.png",
        "kind": "image",
        "metadata": "",
        "name": "tryofgiraffe-removebg-preview (2)4.png",
        "smoothed": true,
        "userAdded": false
      },
      {
        "alwaysLoaded": false,
        "file": "Russ-Berrie-Standard-Giraffe-removebg-preview2.png",
        "kind": "image",
        "metadata": "",
        "name": "Russ-Berrie-Standard-Giraffe-removebg-preview2.png",
        "smoothed": true,
        "userAdded": true
      },
      {
        "alwaysLoaded": false,
        "file": "tryofgiraffe-removebg-preview2.png",
        "kind": "image",
        "metadata": "",
        "name": "tryofgiraffe-removebg-preview2.png",
        "smoothed": true,
        "userAdded": true
      },
      {
        "alwaysLoaded": false,
        "file": "girafferemasteredidle.png",
        "kind": "image",
        "metadata": "",
        "name": "girafferemasteredidle.png",
        "smoothed": true,
        "userAdded": true
      },
      {
        "alwaysLoaded": false,
        "file": "girafferemasteredidlereal.png",
        "kind": "image",
        "metadata": "",
        "name": "girafferemasteredidlereal.png",
        "smoothed": true,
        "userAdded": true
      },
      {
        "alwaysLoaded": false,
        "file": "giraffeactualremasteredidle.png",
        "kind": "image",
        "metadata": "",
        "name": "giraffeactualremasteredidle.png",
        "smoothed": true,
        "userAdded": true
      },
      {
        "alwaysLoaded": false,
        "file": "fly.png",
        "kind": "image",
        "metadata": "",
        "name": "fly.png",
        "smoothed": true,
        "userAdded": true
      }
    ],
    "resourceFolders": []
  },
  "objects": [
    {
      "name": "Enter",
      "tags": "",
      "type": "Sprite",
      "updateIfNotVisible": false,
      "variables": [],
      "effects": [],
      "behaviors": [],
      "animations": [
        {
          "name": "NewObject2",
          "useMultipleDirections": false,
          "directions": [
            {
              "looping": false,
              "timeBetweenFrames": 0.08,
              "sprites": [
                {
                  "hasCustomCollisionMask": false,
                  "image": "NewObject2-1-0.png",
                  "points": [],
                  "originPoint": {
                    "name": "origine",
                    "x": 0,
                    "y": 0
                  },
                  "centerPoint": {
                    "automatic": true,
                    "name": "centre",
                    "x": 0,
                    "y": 0
                  },
                  "customCollisionMask": []
                }
              ]
            }
          ]
        }
      ]
    },
    {
      "name": "fin",
      "tags": "",
      "type": "Sprite",
      "updateIfNotVisible": false,
      "variables": [],
      "effects": [],
      "behaviors": [],
      "animations": [
        {
          "name": "NewObject2",
          "useMultipleDirections": false,
          "directions": [
            {
              "looping": false,
              "timeBetweenFrames": 0.08,
              "sprites": [
                {
                  "hasCustomCollisionMask": false,
                  "image": "NewObject2-1.png",
                  "points": [],
                  "originPoint": {
                    "name": "origine",
                    "x": 0,
                    "y": 0
                  },
                  "centerPoint": {
                    "automatic": true,
                    "name": "centre",
                    "x": 0,
                    "y": 0
                  },
                  "customCollisionMask": []
                }
              ]
            }
          ]
        }
      ]
    },
    {
      "name": "RoBug2",
      "tags": "",
      "type": "Sprite",
      "updateIfNotVisible": false,
      "variables": [],
      "effects": [],
      "behaviors": [
        {
          "name": "Pathfinding",
          "type": "PathfindingBehavior::PathfindingBehavior",
          "acceleration": 400,
          "allowDiagonals": true,
          "angleOffset": 0,
          "angularMaxSpeed": 180,
          "cellHeight": 20,
          "cellWidth": 20,
          "extraBorder": 0,
          "maxSpeed": 200,
          "rotateObject": true
        }
      ],
      "animations": [
        {
          "name": "NewObject",
          "useMultipleDirections": false,
          "directions": [
            {
              "looping": false,
              "timeBetweenFrames": 0.08,
              "sprites": [
                {
                  "hasCustomCollisionMask": false,
                  "image": "NewObject-1-1.png",
                  "points": [],
                  "originPoint": {
                    "name": "origine",
                    "x": 0,
                    "y": 0
                  },
                  "centerPoint": {
                    "automatic": true,
                    "name": "centre",
                    "x": 0,
                    "y": 0
                  },
                  "customCollisionMask": []
                },
                {
                  "hasCustomCollisionMask": false,
                  "image": "NewObject-1-1.png",
                  "points": [],
                  "originPoint": {
                    "name": "origine",
                    "x": 0,
                    "y": 0
                  },
                  "centerPoint": {
                    "automatic": true,
                    "name": "centre",
                    "x": 0,
                    "y": 0
                  },
                  "customCollisionMask": []
                }
              ]
            }
          ]
        }
      ]
    },
    {
      "name": "Player2",
      "tags": "",
      "type": "Sprite",
      "updateIfNotVisible": true,
      "variables": [],
      "effects": [],
      "behaviors": [],
      "animations": [
        {
          "name": "Idle",
          "useMultipleDirections": false,
          "directions": [
            {
              "looping": false,
              "timeBetweenFrames": 1,
              "sprites": [
                {
                  "hasCustomCollisionMask": false,
                  "image": "giraffeactualremasteredidle.png",
                  "points": [],
                  "originPoint": {
                    "name": "origine",
                    "x": 0,
                    "y": 0
                  },
                  "centerPoint": {
                    "automatic": true,
                    "name": "centre",
                    "x": 0,
                    "y": 0
                  },
                  "customCollisionMask": [
                    [
                      {
                        "x": 0,
                        "y": 0
                      },
                      {
                        "x": 0,
                        "y": 0
                      },
                      {
                        "x": 0,
                        "y": 0
                      },
                      {
                        "x": 0,
                        "y": 0
                      }
                    ]
                  ]
                }
              ]
            }
          ]
        },
        {
          "name": "Jumping",
          "useMultipleDirections": false,
          "directions": [
            {
              "looping": false,
              "timeBetweenFrames": 1,
              "sprites": [
                {
                  "hasCustomCollisionMask": false,
                  "image": "Russ-Berrie-Standard-Giraffe-removebg-preview.png",
                  "points": [],
                  "originPoint": {
                    "name": "origine",
                    "x": 0,
                    "y": 0
                  },
                  "centerPoint": {
                    "automatic": true,
                    "name": "centre",
                    "x": 0,
                    "y": 0
                  },
                  "customCollisionMask": []
                }
              ]
            }
          ]
        },
        {
          "name": "Running",
          "useMultipleDirections": false,
          "directions": [
            {
              "looping": true,
              "timeBetweenFrames": 0.05,
              "sprites": [
                {
                  "hasCustomCollisionMask": false,
                  "image": "giraffeactualremasteredidle.png",
                  "points": [],
                  "originPoint": {
                    "name": "origine",
                    "x": 0,
                    "y": 0
                  },
                  "centerPoint": {
                    "automatic": true,
                    "name": "centre",
                    "x": 0,
                    "y": 0
                  },
                  "customCollisionMask": []
                }
              ]
            }
          ]
        }
      ]
    },
    {
      "name": "Player2HitBox",
      "tags": "",
      "type": "Sprite",
      "updateIfNotVisible": true,
      "variables": [],
      "effects": [],
      "behaviors": [
        {
          "name": "PlatformerObject",
          "type": "PlatformBehavior::PlatformerObjectBehavior",
          "ignoreDefaultControls": true,
          "deceleration": 1500,
          "jumpSpeed": 800,
          "jumpSustainTime": 0.4,
          "acceleration": 1500,
          "canGrabPlatforms": false,
          "gravity": 1300,
          "maxFallingSpeed": 1000,
          "maxSpeed": 250,
          "roundCoordinates": true,
          "slopeMaxAngle": 0,
          "xGrabTolerance": 10,
          "yGrabOffset": 0
        }
      ],
      "animations": [
        {
          "name": "",
          "useMultipleDirections": false,
          "directions": [
            {
              "looping": false,
              "timeBetweenFrames": 1,
              "sprites": [
                {
                  "hasCustomCollisionMask": false,
                  "image": "giraffeactualremasteredidle.png",
                  "points": [],
                  "originPoint": {
                    "name": "origine",
                    "x": 0,
                    "y": 0
                  },
                  "centerPoint": {
                    "automatic": true,
                    "name": "centre",
                    "x": 0,
                    "y": 0
                  },
                  "customCollisionMask": []
                }
              ]
            }
          ]
        }
      ]
    }
  ],
  "objectsGroups": [],
  "variables": [],
  "layouts": [
    {
      "__REFERENCE_TO_SPLIT_OBJECT": true,
      "referenceTo": "/layouts/main-menu-pc"
    },
    {
      "__REFERENCE_TO_SPLIT_OBJECT": true,
      "referenceTo": "/layouts/main-menu-mobile"
    },
    {
      "__REFERENCE_TO_SPLIT_OBJECT": true,
      "referenceTo": "/layouts/1-bf"
    },
    {
      "__REFERENCE_TO_SPLIT_OBJECT": true,
      "referenceTo": "/layouts/1-2-multi"
    },
    {
      "__REFERENCE_TO_SPLIT_OBJECT": true,
      "referenceTo": "/layouts/1-multi"
    },
    {
      "__REFERENCE_TO_SPLIT_OBJECT": true,
      "referenceTo": "/layouts/1-race"
    },
    {
      "__REFERENCE_TO_SPLIT_OBJECT": true,
      "referenceTo": "/layouts/1"
    },
    {
      "__REFERENCE_TO_SPLIT_OBJECT": true,
      "referenceTo": "/layouts/game-over-act-3"
    },
    {
      "__REFERENCE_TO_SPLIT_OBJECT": true,
      "referenceTo": "/layouts/game-over-multi"
    },
    {
      "__REFERENCE_TO_SPLIT_OBJECT": true,
      "referenceTo": "/layouts/game-over"
    },
    {
      "__REFERENCE_TO_SPLIT_OBJECT": true,
      "referenceTo": "/layouts/settings"
    },
    {
      "__REFERENCE_TO_SPLIT_OBJECT": true,
      "referenceTo": "/layouts/coming-soon"
    },
    {
      "__REFERENCE_TO_SPLIT_OBJECT": true,
      "referenceTo": "/layouts/pause"
    },
    {
      "__REFERENCE_TO_SPLIT_OBJECT": true,
      "referenceTo": "/layouts/giraffe-exe"
    },
    {
      "__REFERENCE_TO_SPLIT_OBJECT": true,
      "referenceTo": "/layouts/1-3-part-2"
    },
    {
      "__REFERENCE_TO_SPLIT_OBJECT": true,
      "referenceTo": "/layouts/1-3"
    },
    {
      "__REFERENCE_TO_SPLIT_OBJECT": true,
      "referenceTo": "/layouts/1-2-multiplayer"
    },
    {
      "__REFERENCE_TO_SPLIT_OBJECT": true,
      "referenceTo": "/layouts/1-2"
    },
    {
      "__REFERENCE_TO_SPLIT_OBJECT": true,
      "referenceTo": "/layouts/1-2-begin-scene-multi"
    },
    {
      "__REFERENCE_TO_SPLIT_OBJECT": true,
      "referenceTo": "/layouts/1-begin-scene-multi"
    },
    {
      "__REFERENCE_TO_SPLIT_OBJECT": true,
      "referenceTo": "/layouts/1-begin-scene"
    },
    {
      "__REFERENCE_TO_SPLIT_OBJECT": true,
      "referenceTo": "/layouts/1-4-begin-scene"
    },
    {
      "__REFERENCE_TO_SPLIT_OBJECT": true,
      "referenceTo": "/layouts/2-1-begin-scene"
    },
    {
      "__REFERENCE_TO_SPLIT_OBJECT": true,
      "referenceTo": "/layouts/1-3-begin-scene"
    },
    {
      "__REFERENCE_TO_SPLIT_OBJECT": true,
      "referenceTo": "/layouts/1-2-begin-scene"
    },
    {
      "__REFERENCE_TO_SPLIT_OBJECT": true,
      "referenceTo": "/layouts/controls"
    },
    {
      "__REFERENCE_TO_SPLIT_OBJECT": true,
      "referenceTo": "/layouts/w"
    },
    {
      "__REFERENCE_TO_SPLIT_OBJECT": true,
      "referenceTo": "/layouts/mods"
    },
    {
      "__REFERENCE_TO_SPLIT_OBJECT": true,
      "referenceTo": "/layouts/robug"
    },
    {
      "__REFERENCE_TO_SPLIT_OBJECT": true,
      "referenceTo": "/layouts/gamemode-snif"
    },
    {
      "__REFERENCE_TO_SPLIT_OBJECT": true,
      "referenceTo": "/layouts/cutscene"
    },
    {
      "__REFERENCE_TO_SPLIT_OBJECT": true,
      "referenceTo": "/layouts/new-scene"
    }
  ],
  "externalEvents": [
    {
      "__REFERENCE_TO_SPLIT_OBJECT": true,
      "referenceTo": "/externalEvents/boss1battlemanagement"
    },
    {
      "__REFERENCE_TO_SPLIT_OBJECT": true,
      "referenceTo": "/externalEvents/multiplayerenemiesmanagement"
    },
    {
      "__REFERENCE_TO_SPLIT_OBJECT": true,
      "referenceTo": "/externalEvents/enemiesmanagementact3"
    },
    {
      "__REFERENCE_TO_SPLIT_OBJECT": true,
      "referenceTo": "/externalEvents/enemiesmanagement"
    }
  ],
  "eventsFunctionsExtensions": [
    {
      "__REFERENCE_TO_SPLIT_OBJECT": true,
      "referenceTo": "/eventsFunctionsExtensions/urltools"
    },
    {
      "__REFERENCE_TO_SPLIT_OBJECT": true,
      "referenceTo": "/eventsFunctionsExtensions/internetconnectivity"
    },
    {
      "__REFERENCE_TO_SPLIT_OBJECT": true,
      "referenceTo": "/eventsFunctionsExtensions/gamepads"
    },
    {
      "__REFERENCE_TO_SPLIT_OBJECT": true,
      "referenceTo": "/eventsFunctionsExtensions/parallax"
    },
    {
      "__REFERENCE_TO_SPLIT_OBJECT": true,
      "referenceTo": "/eventsFunctionsExtensions/newextension"
    },
    {
      "__REFERENCE_TO_SPLIT_OBJECT": true,
      "referenceTo": "/eventsFunctionsExtensions/newextension2"
    },
    {
      "__REFERENCE_TO_SPLIT_OBJECT": true,
      "referenceTo": "/eventsFunctionsExtensions/newextension3"
    }
  ],
  "externalLayouts": [],
  "externalSourceFiles": []
}