{
  "b": 209,
  "disableInputWhenNotFocused": true,
  "mangledName": "Coming_32Soon",
  "name": "Coming Soon",
  "oglFOV": 90,
  "oglZFar": 500,
  "oglZNear": 1,
  "r": 209,
  "standardSortMethod": true,
  "stopSoundsOnStartup": true,
  "title": "Thanks for Supporting this Game!!!",
  "v": 209,
  "uiSettings": {
    "grid": false,
    "gridB": 255,
    "gridG": 180,
    "gridHeight": 32,
    "gridOffsetX": 0,
    "gridOffsetY": 0,
    "gridR": 158,
    "gridWidth": 32,
    "snap": true,
    "windowMask": false,
    "zoomFactor": 1
  },
  "objectsGroups": [],
  "variables": [],
  "instances": [
    {
      "angle": 0,
      "customSize": true,
      "height": 57,
      "layer": "",
      "locked": false,
      "name": "NewObject",
      "persistentUuid": "8b20ccd8-9ae8-4c68-953d-dacf11ba59a7",
      "width": 1095,
      "x": 43,
      "y": 120,
      "zOrder": 1,
      "numberProperties": [],
      "stringProperties": [],
      "initialVariables": []
    },
    {
      "angle": 0,
      "customSize": false,
      "height": 0,
      "layer": "",
      "locked": false,
      "name": "NewObject3",
      "persistentUuid": "bfc1a3f6-3ece-4a67-8099-e0b6ef88e81c",
      "width": 0,
      "x": 199,
      "y": 198,
      "zOrder": 2,
      "numberProperties": [],
      "stringProperties": [],
      "initialVariables": []
    },
    {
      "angle": 0,
      "customSize": false,
      "height": 0,
      "layer": "",
      "locked": false,
      "name": "Enter",
      "persistentUuid": "bc79abf4-d36b-4426-817a-73e19524adb2",
      "width": 0,
      "x": 346,
      "y": 255,
      "zOrder": 3,
      "numberProperties": [],
      "stringProperties": [],
      "initialVariables": []
    },
    {
      "angle": 14.1169,
      "customSize": true,
      "height": 195,
      "layer": "",
      "locked": false,
      "name": "NewObject4",
      "persistentUuid": "fe4c044d-c997-4a0e-808e-87b82f19e682",
      "width": 148,
      "x": 45.5456,
      "y": 182.896,
      "zOrder": 4,
      "numberProperties": [],
      "stringProperties": [],
      "initialVariables": []
    }
  ],
  "objects": [
    {
      "bold": false,
      "italic": false,
      "name": "NewObject",
      "smoothed": true,
      "tags": "",
      "type": "TextObject::Text",
      "underlined": false,
      "variables": [],
      "effects": [],
      "behaviors": [],
      "string": "Coming Soon - LOL - More Levels Coming Soon - Next Update is BIG!",
      "font": "",
      "characterSize": 23,
      "color": {
        "b": 0,
        "g": 0,
        "r": 0
      }
    },
    {
      "name": "NewObject2",
      "tags": "",
      "type": "Sprite",
      "updateIfNotVisible": false,
      "variables": [],
      "effects": [],
      "behaviors": [],
      "animations": []
    },
    {
      "bold": false,
      "italic": false,
      "name": "NewObject3",
      "smoothed": true,
      "tags": "",
      "type": "TextObject::Text",
      "underlined": false,
      "variables": [],
      "effects": [],
      "behaviors": [],
      "string": "Update 5 will be out in december / early 2021!",
      "font": "",
      "characterSize": 20,
      "color": {
        "b": 0,
        "g": 0,
        "r": 0
      }
    },
    {
      "name": "NewObject4",
      "tags": "",
      "type": "Sprite",
      "updateIfNotVisible": false,
      "variables": [],
      "effects": [],
      "behaviors": [],
      "animations": [
        {
          "name": "",
          "useMultipleDirections": false,
          "directions": [
            {
              "looping": false,
              "timeBetweenFrames": 0.08,
              "sprites": [
                {
                  "hasCustomCollisionMask": false,
                  "image": "giraffeactualremasteredidle.png",
                  "points": [],
                  "originPoint": {
                    "name": "origine",
                    "x": 0,
                    "y": 0
                  },
                  "centerPoint": {
                    "automatic": true,
                    "name": "centre",
                    "x": 0,
                    "y": 0
                  },
                  "customCollisionMask": []
                }
              ]
            }
          ]
        }
      ]
    }
  ],
  "events": [
    {
      "disabled": false,
      "folded": false,
      "type": "BuiltinCommonInstructions::Standard",
      "conditions": [
        {
          "type": {
            "inverted": false,
            "value": "SourisSurObjet"
          },
          "parameters": [
            "Enter",
            "",
            "",
            ""
          ],
          "subInstructions": []
        }
      ],
      "actions": [
        {
          "type": {
            "inverted": false,
            "value": "Scene"
          },
          "parameters": [
            "",
            "\"Main Menu\"",
            ""
          ],
          "subInstructions": []
        }
      ],
      "events": []
    },
    {
      "disabled": false,
      "folded": false,
      "type": "BuiltinCommonInstructions::Standard",
      "conditions": [
        {
          "type": {
            "inverted": true,
            "value": "SystemInfo::HasTouchScreen"
          },
          "parameters": [
            ""
          ],
          "subInstructions": []
        }
      ],
      "actions": [
        {
          "type": {
            "inverted": false,
            "value": "Cache"
          },
          "parameters": [
            "Enter"
          ],
          "subInstructions": []
        }
      ],
      "events": []
    },
    {
      "disabled": false,
      "folded": false,
      "type": "BuiltinCommonInstructions::Standard",
      "conditions": [
        {
          "type": {
            "inverted": false,
            "value": "KeyReleased"
          },
          "parameters": [
            "",
            "Escape"
          ],
          "subInstructions": []
        }
      ],
      "actions": [
        {
          "type": {
            "inverted": false,
            "value": "Scene"
          },
          "parameters": [
            "",
            "\"Main Menu\"",
            ""
          ],
          "subInstructions": []
        }
      ],
      "events": []
    }
  ],
  "layers": [
    {
      "ambientLightColorB": 0,
      "ambientLightColorG": 0,
      "ambientLightColorR": 0,
      "followBaseLayerCamera": false,
      "isLightingLayer": false,
      "name": "",
      "visibility": true,
      "cameras": [
        {
          "defaultSize": true,
          "defaultViewport": true,
          "height": 0,
          "viewportBottom": 1,
          "viewportLeft": 0,
          "viewportRight": 1,
          "viewportTop": 0,
          "width": 0
        }
      ],
      "effects": []
    }
  ],
  "behaviorsSharedData": [
    {
      "name": "Pathfinding",
      "type": "PathfindingBehavior::PathfindingBehavior"
    }
  ]
}