{
  "b": 209,
  "disableInputWhenNotFocused": true,
  "mangledName": "Mods",
  "name": "Mods",
  "oglFOV": 90,
  "oglZFar": 500,
  "oglZNear": 1,
  "r": 209,
  "standardSortMethod": true,
  "stopSoundsOnStartup": true,
  "title": " g i r A f F e . E x e",
  "v": 209,
  "uiSettings": {
    "grid": false,
    "gridB": 255,
    "gridG": 180,
    "gridHeight": 32,
    "gridOffsetX": 0,
    "gridOffsetY": 0,
    "gridR": 158,
    "gridWidth": 32,
    "snap": true,
    "windowMask": false,
    "zoomFactor": 1
  },
  "objectsGroups": [],
  "variables": [],
  "instances": [
    {
      "angle": 0,
      "customSize": false,
      "height": 0,
      "layer": "",
      "locked": false,
      "name": "NewObject",
      "persistentUuid": "fdef308f-48f8-4084-8faa-53135d560c62",
      "width": 0,
      "x": 196,
      "y": 181,
      "zOrder": 1,
      "numberProperties": [],
      "stringProperties": [],
      "initialVariables": []
    },
    {
      "angle": 0,
      "customSize": false,
      "height": 0,
      "layer": "",
      "locked": false,
      "name": "MooseMods",
      "persistentUuid": "7baaf7b5-3a27-4b4b-b55e-0657435ae0fd",
      "width": 0,
      "x": 157,
      "y": 253,
      "zOrder": 2,
      "numberProperties": [],
      "stringProperties": [],
      "initialVariables": []
    },
    {
      "angle": 0,
      "customSize": true,
      "height": 19,
      "layer": "",
      "locked": false,
      "name": "FNFBF",
      "persistentUuid": "38591c17-f0ca-484f-8f12-4afe39c28c7b",
      "width": 59,
      "x": 517,
      "y": 286,
      "zOrder": 3,
      "numberProperties": [],
      "stringProperties": [],
      "initialVariables": []
    },
    {
      "angle": 0,
      "customSize": true,
      "height": 18,
      "layer": "",
      "locked": false,
      "name": "MoosePS5",
      "persistentUuid": "d3519e9e-1b56-483c-a956-f134acb4d6f9",
      "width": 64,
      "x": 485,
      "y": 270,
      "zOrder": 4,
      "numberProperties": [],
      "stringProperties": [],
      "initialVariables": []
    }
  ],
  "objects": [
    {
      "bold": false,
      "italic": false,
      "name": "NewObject",
      "smoothed": true,
      "tags": "",
      "type": "TextObject::Text",
      "underlined": false,
      "variables": [],
      "effects": [],
      "behaviors": [],
      "string": "This is bad. You aren't Connected to the Internet,\nWhich means no mods!\nSolutions: Try Reconnecting or Disable a Proxy.",
      "font": "",
      "characterSize": 20,
      "color": {
        "b": 0,
        "g": 0,
        "r": 0
      }
    },
    {
      "height": 32,
      "name": "NewObject2",
      "tags": "",
      "texture": "",
      "type": "TiledSpriteObject::TiledSprite",
      "width": 32,
      "variables": [],
      "effects": [],
      "behaviors": []
    },
    {
      "bold": false,
      "italic": false,
      "name": "MooseMods",
      "smoothed": true,
      "tags": "",
      "type": "TextObject::Text",
      "underlined": false,
      "variables": [],
      "effects": [],
      "behaviors": [],
      "string": "Multiplayer Mod (Not Out Yet)\nGiraffe V ??? (Giraffe.EXE with  g i r a f f e . m p 4)\nFNF Boyfriend Mod (Changes Giraffe to BF from FNF!)\nMidas Boss Battle Mod (Adds Midas from Fortnite in the game NOT OUT)",
      "font": "",
      "characterSize": 15,
      "color": {
        "b": 0,
        "g": 0,
        "r": 0
      }
    },
    {
      "name": "MoosePS5",
      "tags": "",
      "type": "Sprite",
      "updateIfNotVisible": false,
      "variables": [],
      "effects": [],
      "behaviors": [],
      "animations": [
        {
          "name": "",
          "useMultipleDirections": false,
          "directions": [
            {
              "looping": false,
              "timeBetweenFrames": 0.08,
              "sprites": [
                {
                  "hasCustomCollisionMask": false,
                  "image": "install.png",
                  "points": [],
                  "originPoint": {
                    "name": "origine",
                    "x": 0,
                    "y": 0
                  },
                  "centerPoint": {
                    "automatic": true,
                    "name": "centre",
                    "x": 0,
                    "y": 0
                  },
                  "customCollisionMask": []
                }
              ]
            }
          ]
        }
      ]
    },
    {
      "name": "FNFBF",
      "tags": "",
      "type": "Sprite",
      "updateIfNotVisible": false,
      "variables": [],
      "effects": [],
      "behaviors": [],
      "animations": [
        {
          "name": "",
          "useMultipleDirections": false,
          "directions": [
            {
              "looping": false,
              "timeBetweenFrames": 0.08,
              "sprites": [
                {
                  "hasCustomCollisionMask": false,
                  "image": "install.png",
                  "points": [],
                  "originPoint": {
                    "name": "origine",
                    "x": 0,
                    "y": 0
                  },
                  "centerPoint": {
                    "automatic": true,
                    "name": "centre",
                    "x": 0,
                    "y": 0
                  },
                  "customCollisionMask": []
                }
              ]
            }
          ]
        }
      ]
    }
  ],
  "events": [
    {
      "disabled": false,
      "folded": false,
      "type": "BuiltinCommonInstructions::Standard",
      "conditions": [
        {
          "type": {
            "inverted": true,
            "value": "InternetConnectivity::IsDeviceOnline"
          },
          "parameters": [
            "",
            ""
          ],
          "subInstructions": []
        }
      ],
      "actions": [
        {
          "type": {
            "inverted": false,
            "value": "Montre"
          },
          "parameters": [
            "NewObject",
            ""
          ],
          "subInstructions": []
        },
        {
          "type": {
            "inverted": false,
            "value": "Cache"
          },
          "parameters": [
            "MooseMods"
          ],
          "subInstructions": []
        },
        {
          "type": {
            "inverted": false,
            "value": "Cache"
          },
          "parameters": [
            "FNFBF"
          ],
          "subInstructions": []
        },
        {
          "type": {
            "inverted": false,
            "value": "Cache"
          },
          "parameters": [
            "MoosePS5"
          ],
          "subInstructions": []
        }
      ],
      "events": []
    },
    {
      "disabled": false,
      "folded": false,
      "type": "BuiltinCommonInstructions::Standard",
      "conditions": [
        {
          "type": {
            "inverted": false,
            "value": "DepartScene"
          },
          "parameters": [
            ""
          ],
          "subInstructions": []
        }
      ],
      "actions": [
        {
          "type": {
            "inverted": false,
            "value": "Cache"
          },
          "parameters": [
            "NewObject"
          ],
          "subInstructions": []
        }
      ],
      "events": []
    },
    {
      "disabled": false,
      "folded": false,
      "type": "BuiltinCommonInstructions::Standard",
      "conditions": [
        {
          "type": {
            "inverted": false,
            "value": "SourisSurObjet"
          },
          "parameters": [
            "MoosePS5",
            "",
            "",
            ""
          ],
          "subInstructions": []
        },
        {
          "type": {
            "inverted": false,
            "value": "MouseButtonReleased"
          },
          "parameters": [
            "",
            "Left"
          ],
          "subInstructions": []
        }
      ],
      "actions": [
        {
          "type": {
            "inverted": false,
            "value": "URLTools::Redirect"
          },
          "parameters": [
            "",
            "\"https://sites.google.com/view/giraffewilleatyougiraffemp3exe/home\"",
            ""
          ],
          "subInstructions": []
        }
      ],
      "events": []
    },
    {
      "disabled": false,
      "folded": false,
      "type": "BuiltinCommonInstructions::Standard",
      "conditions": [
        {
          "type": {
            "inverted": false,
            "value": "SourisSurObjet"
          },
          "parameters": [
            "FNFBF",
            "",
            "",
            ""
          ],
          "subInstructions": []
        },
        {
          "type": {
            "inverted": false,
            "value": "MouseButtonReleased"
          },
          "parameters": [
            "",
            "Left"
          ],
          "subInstructions": []
        }
      ],
      "actions": [
        {
          "type": {
            "inverted": false,
            "value": "Scene"
          },
          "parameters": [
            "",
            "\"1 bf\"",
            ""
          ],
          "subInstructions": []
        }
      ],
      "events": []
    },
    {
      "disabled": false,
      "folded": false,
      "type": "BuiltinCommonInstructions::Standard",
      "conditions": [
        {
          "type": {
            "inverted": false,
            "value": "InternetConnectivity::IsDeviceOnline"
          },
          "parameters": [
            "",
            ""
          ],
          "subInstructions": []
        }
      ],
      "actions": [
        {
          "type": {
            "inverted": false,
            "value": "Cache"
          },
          "parameters": [
            "NewObject"
          ],
          "subInstructions": []
        },
        {
          "type": {
            "inverted": false,
            "value": "Montre"
          },
          "parameters": [
            "MooseMods",
            ""
          ],
          "subInstructions": []
        },
        {
          "type": {
            "inverted": false,
            "value": "Montre"
          },
          "parameters": [
            "FNFBF",
            ""
          ],
          "subInstructions": []
        },
        {
          "type": {
            "inverted": false,
            "value": "Montre"
          },
          "parameters": [
            "MoosePS5",
            ""
          ],
          "subInstructions": []
        }
      ],
      "events": []
    }
  ],
  "layers": [
    {
      "ambientLightColorB": 662980,
      "ambientLightColorG": 1262,
      "ambientLightColorR": 9958904,
      "followBaseLayerCamera": false,
      "isLightingLayer": false,
      "name": "",
      "visibility": true,
      "cameras": [
        {
          "defaultSize": true,
          "defaultViewport": true,
          "height": 0,
          "viewportBottom": 1,
          "viewportLeft": 0,
          "viewportRight": 1,
          "viewportTop": 0,
          "width": 0
        }
      ],
      "effects": []
    }
  ],
  "behaviorsSharedData": [
    {
      "name": "Pathfinding",
      "type": "PathfindingBehavior::PathfindingBehavior"
    }
  ]
}