{
  "b": 209,
  "disableInputWhenNotFocused": true,
  "mangledName": "w",
  "name": "w",
  "oglFOV": 90,
  "oglZFar": 500,
  "oglZNear": 1,
  "r": 209,
  "standardSortMethod": true,
  "stopSoundsOnStartup": true,
  "title": "",
  "v": 209,
  "uiSettings": {
    "grid": false,
    "gridB": 255,
    "gridG": 180,
    "gridHeight": 32,
    "gridOffsetX": 0,
    "gridOffsetY": 0,
    "gridR": 158,
    "gridWidth": 32,
    "snap": true,
    "windowMask": false,
    "zoomFactor": 1
  },
  "objectsGroups": [],
  "variables": [],
  "instances": [
    {
      "angle": 0,
      "customSize": false,
      "height": 0,
      "layer": "",
      "locked": false,
      "name": "NewObject",
      "persistentUuid": "cdca06b2-914e-4020-beb2-cddd11a0e5b9",
      "width": 0,
      "x": 210,
      "y": 176,
      "zOrder": 1,
      "numberProperties": [],
      "stringProperties": [],
      "initialVariables": []
    },
    {
      "angle": 0,
      "customSize": true,
      "height": 177,
      "layer": "",
      "locked": false,
      "name": "Enter",
      "persistentUuid": "cb7ba87e-3680-4cb5-94a8-77952dfa3523",
      "width": 289,
      "x": 251,
      "y": 229,
      "zOrder": 2,
      "numberProperties": [],
      "stringProperties": [],
      "initialVariables": []
    }
  ],
  "objects": [
    {
      "bold": false,
      "italic": false,
      "name": "NewObject",
      "smoothed": true,
      "tags": "",
      "type": "TextObject::Text",
      "underlined": false,
      "variables": [],
      "effects": [],
      "behaviors": [],
      "string": "This is only a demo. So keep that in mind also \npress enter to continue.",
      "font": "",
      "characterSize": 20,
      "color": {
        "b": 0,
        "g": 0,
        "r": 0
      }
    }
  ],
  "events": [
    {
      "disabled": false,
      "folded": false,
      "type": "BuiltinCommonInstructions::Standard",
      "conditions": [
        {
          "type": {
            "inverted": false,
            "value": "KeyPressed"
          },
          "parameters": [
            "",
            "Return"
          ],
          "subInstructions": []
        }
      ],
      "actions": [
        {
          "type": {
            "inverted": false,
            "value": "Scene"
          },
          "parameters": [
            "",
            "\"Gamemode snif#]\"",
            ""
          ],
          "subInstructions": []
        }
      ],
      "events": []
    },
    {
      "disabled": false,
      "folded": false,
      "type": "BuiltinCommonInstructions::Standard",
      "conditions": [
        {
          "type": {
            "inverted": false,
            "value": "SourisSurObjet"
          },
          "parameters": [
            "Enter",
            "",
            "",
            ""
          ],
          "subInstructions": []
        }
      ],
      "actions": [
        {
          "type": {
            "inverted": false,
            "value": "Scene"
          },
          "parameters": [
            "",
            "\"Gamemode snif#]\"",
            ""
          ],
          "subInstructions": []
        }
      ],
      "events": []
    },
    {
      "disabled": false,
      "folded": false,
      "type": "BuiltinCommonInstructions::Standard",
      "conditions": [
        {
          "type": {
            "inverted": true,
            "value": "SystemInfo::HasTouchScreen"
          },
          "parameters": [
            ""
          ],
          "subInstructions": []
        }
      ],
      "actions": [
        {
          "type": {
            "inverted": false,
            "value": "Cache"
          },
          "parameters": [
            "Enter"
          ],
          "subInstructions": []
        }
      ],
      "events": []
    }
  ],
  "layers": [
    {
      "ambientLightColorB": 8770320,
      "ambientLightColorG": 6981488,
      "ambientLightColorR": 8419664,
      "followBaseLayerCamera": false,
      "isLightingLayer": false,
      "name": "",
      "visibility": true,
      "cameras": [
        {
          "defaultSize": true,
          "defaultViewport": true,
          "height": 0,
          "viewportBottom": 1,
          "viewportLeft": 0,
          "viewportRight": 1,
          "viewportTop": 0,
          "width": 0
        }
      ],
      "effects": []
    }
  ],
  "behaviorsSharedData": [
    {
      "name": "Pathfinding",
      "type": "PathfindingBehavior::PathfindingBehavior"
    }
  ]
}